1,Indeterminate,Indeterminate,Indeterminate
3,Indeterminate,Indeterminate,Indeterminate
4,Indeterminate,Indeterminate,Indeterminate
8,-41.46,165.74,2.18
9,-18.11,-47.63,9.38
10,26.42,-78.03,4.11
11,61.74,47.72,1.55
12,19.96,-130.6,7.17
28,24.06,-175.66,2.89
101,61.2397,47.5851,54.5786
102,51.0774,55.5576,49.3977
103,23.6549,67.3011,43.8793
104,61.8701,49.7399,53.5532
105,65.2738,33.5114,59.8849
107,58.0093,54.721,50.3969
108,61.2397,47.5851,54.5786
109,61.2397,47.5851,54.5786
110,61.2397,47.5851,54.5786
111,57.6853,54.3958,61.354
112,49.4079,60.46,54.3405
113,49.4079,60.46,54.3405
114,59.5736,48.024,53.6082
116,61.2397,47.5851,54.5786
117,59.5736,48.024,53.6082
118,23.6549,67.3011,43.8793
120,60.2949,48.4499,54.0765
121,57.8652,52.0061,53.1719
122,59.2288,49.7078,54.0538
123,59.085,50.18,53.1072
124,59.4331,49.9071,52.9071
130,51.0774,55.5576,49.3977
131,56.4794,24.7754,56.5611
132,56.4794,24.7754,56.5611
133,60.2949,48.4499,54.0765
134,60.2949,48.4499,54.0765
135,60.2949,48.4499,54.0765
140,68.4853,34.141,41.26
141,57.8652,52.0061,53.1719
154,61.2397,47.5851,54.5786
155,23.6549,67.3011,43.8793
160,61.2397,47.5851,54.5786
173,61.2397,47.5851,54.5786
176,61.2397,47.5851,54.5786
178,61.2397,47.5851,54.5786
182,61.2397,47.5851,54.5786
183,61.2397,47.5851,54.5786
184,61.2397,47.5851,54.5786
185,61.2397,47.5851,54.5786
199,61.2397,47.5851,54.5786
201,72.2161,43.3026,25.6175
202,72.2161,43.3026,25.6175
204,-26.0301,-80.0151,-69.8662
205,-17.0646,-74.4153,-79.8764
209,-17.0646,-74.4153,-79.8764
210,-26.0301,-80.0151,-69.8662
211,-26.0301,-80.0151,-69.8662
212,-26.0301,-80.0151,-69.8662
213,-26.0301,-80.0151,-69.8662
215,60.0665,53.6355,49.8582
222,4.1907,-71.3117,-124.316
225,62.9764,-9.40168,26.323
226,62.9764,-9.40168,26.323
227,62.9764,-9.40168,26.323
228,62.9764,-9.40168,26.323
233,60.3283,54.3795,49.2006
280,51.1722,-11.871,20.9396
283,51.1722,-11.871,20.9396
288,51.1722,-11.871,20.9396
290,62.0801,1.30191,21.7965
291,51.1722,-11.871,20.9396
293,71.9213,41.7734,25.2639
301,38.9983,46.07,38.5638
302,38.9983,46.07,38.5638
304,11.9942,-50.0492,-27.9945
305,38.9983,46.07,38.5638
306,26.0823,-19.6766,-49.3413
307,24.2331,-25.8722,-44.6565
308,23.0089,-26.7492,-42.6561
309,38.9983,46.07,38.5638
311,38.9983,46.07,38.5638
315,38.9983,46.07,38.5638
317,39.3162,44.2993,40.2858
318,38.9983,46.07,38.5638
319,38.9983,46.07,38.5638
322,25.9407,-21.4613,-44.9765
323,25.5382,-31.389,-40.2233
328,24.4281,-29.8936,-37.7251
329,11.9942,-50.0492,-27.9945
330,38.7473,45.9955,39.1284
331,38.9983,46.07,38.5638
334,26.0415,-49.0966,-28.7678
337,29.1661,-51.3457,-28.7063
338,38.8124,48.1947,35.5878
339,-8.43005,-74.0386,-101.332
340,28.9485,-47.9496,-29.3143
344,38.9983,46.07,38.5638
346,26.1857,-27.2875,-41.8316
347,-3.81018,78.2671,31.9441
349,38.9983,46.07,38.5638
352,10.7114,-51.4525,-28.9086
354,12.8579,-35.8324,-35.2548
355,23.0089,-26.7492,-42.6561
356,38.9983,46.07,38.5638
357,27.0353,51.509,24.2947
358,36.5397,60.0541,30.9754
359,26.0823,-19.6766,-49.3413
372,38.9983,46.07,38.5638
373,39.9657,45.9966,39.0388
374,38.9983,46.07,38.5638
375,38.9983,46.07,38.5638
380,34.6061,26.119,22.4589
390,38.9983,46.07,38.5638
401,38.9983,46.07,38.5638
402,38.9983,46.07,38.5638
404,38.7529,46.0883,38.4467
406,-37.4331,35.0247,56.6002
407,55.4236,53.8436,47.9051
409,55.4236,53.8436,47.9051
410,38.9983,46.07,38.5638
415,34.6061,26.119,22.4589
416,16.3641,19.7485,22.9184
430,34.6061,26.119,22.4589
446,12.2987,-65.9284,-103.703
450,38.9983,46.07,38.5638
451,34.6061,26.119,22.4589
453,34.6061,26.119,22.4589
454,34.6061,26.119,22.4589
455,34.6061,26.119,22.4589
456,34.6061,26.119,22.4589
457,34.6061,26.119,22.4589
458,38.9983,46.07,38.5638
459,38.9983,46.07,38.5638
460,38.9983,46.07,38.5638
461,38.9983,46.07,38.5638
462,38.9983,46.07,38.5638
463,38.9983,46.07,38.5638
464,38.9983,46.07,38.5638
465,38.9983,46.07,38.5638
466,38.9983,46.07,38.5638
467,38.9983,46.07,38.5638
468,38.9983,46.07,38.5638
469,21.4495,-67.31,192.396
470,20.8127,4.98673,-157.851
471,21.4495,-67.31,192.396
472,18.8092,37.9625,-64.2091
473,21.4495,-67.31,192.396
474,20.2521,15.8947,-47.3513
498,20.2931,-61.0803,-110.624
499,10.8972,-64.3228,-105.596
501,18.7428,16.1289,-86.2675
502,2.42775,33.4215,-112.23
503,24.6732,-23.0942,-44.8368
504,38.9983,46.07,38.5638
505,38.2005,56.5706,27.6181
506,-24.5207,38.2194,-7.99765
508,24.6601,-20.4865,-47.197
509,24.6601,-20.4865,-47.197
511,15.504,18.0721,-89.1677
514,-32.545,-89.5424,24.0307
517,11.569,49.5617,-27.7165
518,-28.9414,-7.40197,-15.0866
520,38.9983,46.07,38.5638
521,38.9983,46.07,38.5638
522,28.0074,-19.4072,-44.9072
525,27.8395,-21.6426,-42.3314
526,38.9983,46.07,38.5638
528,-26.7411,-11.4245,-12.6236
529,-26.7411,-11.4245,-12.6236
530,42.4096,-25.4541,-66.5816
531,16.1325,-33.0696,-32.8474
532,45.7128,-7.29211,-63.3286
533,12.2987,-65.9284,-103.703
534,18.3966,14.0341,-77.6792
538,24.4704,-27.379,-43.2258
539,25.2468,-33.266,-38.6065
540,-24.5207,38.2194,-7.99765
542,24.5822,-20.442,-49.0563
543,24.6732,-23.0942,-44.8368
544,24.1816,-24.7416,-44.0496
545,34.9536,-10.3163,-76.4202
550,14.9286,12.2807,-94.3724
551,38.9983,46.07,38.5638
554,-28.9414,-7.40197,-15.0866
555,6.99939,-50.362,-28.3846
556,24.6732,-23.0942,-44.8368
557,38.2005,56.5706,27.6181
558,38.2005,56.5706,27.6181
559,38.2005,56.5706,27.6181
560,38.2005,56.5706,27.6181
563,31.4284,65.5591,35.7171
564,22.5933,-12.8973,-62.6569
565,39.7886,27.225,-34.7874
566,34.2131,62.7122,-35.8838
568,18.7428,16.1289,-86.2675
569,18.7428,16.1289,-86.2675
570,18.7428,16.1289,-86.2675
571,18.7428,16.1289,-86.2675
572,18.7428,16.1289,-86.2675
573,31.6796,63.7037,-45.6177
574,31.6796,63.7037,-45.6177
575,18.7428,16.1289,-86.2675
578,31.6796,63.7037,-45.6177
579,31.6796,63.7037,-45.6177
580,38.9983,46.07,38.5638
590,-41.717,-45.8605,-9.9661
591,-41.717,-45.8605,-9.9661
601,34.6061,26.119,22.4589
602,34.6061,26.119,22.4589
603,-26.6432,-80.3152,-57.4168
604,32.9142,58.7772,32.0481
605,16.079,17.4749,-112.904
606,-26.7411,-11.4245,-12.6236
607,-32.7047,-68.2692,-44.7128
608,20.2521,15.8947,-47.3513
609,18.8092,37.9625,-64.2091
612,34.6061,26.119,22.4589
613,32.365,49.1748,29.5151
614,5.75529,-51.8118,59.1888
615,31.6796,63.7037,-45.6177
616,-41.717,-45.8605,-9.9661
617,31.0026,55.7018,32.7685
619,41.06,46.6425,36.3553
621,41.06,46.6425,36.3553
622,38.9983,46.07,38.5638
623,38.9983,46.07,38.5638
624,38.9983,46.07,38.5638
625,36.8668,45.7126,40.5355
626,36.8668,45.7126,40.5355
627,36.8668,45.7126,40.5355
628,33.4943,33.4098,25.6175
629,33.9414,31.8656,24.9209
630,33.62,32.716,25.263
631,33.9414,31.8656,24.9209
641,34.6061,26.119,22.4589
646,5.75529,-51.8118,59.1888
647,32.6696,75.2746,31.0325
648,47.385,72.5312,31.6442
649,19.9819,11.6353,22.7086
653,26.4884,-14.9293,-72.6971
657,10.4233,-53.2983,61.1627
658,32.365,49.1748,29.5151
660,34.6671,29.7136,23.2259
662,16.3641,19.7485,22.9184
663,-23.4923,-77.0427,-89.3899
667,24.3969,60.4923,-38.1638
668,-2.67193,86.9021,-89.9762
670,21.277,55.1817,-41.7943
673,32.6696,75.2746,31.0325
674,22.5933,-12.8973,-62.6569
675,53.3878,3.77059,-47.057
677,31.4284,65.5591,35.7171
678,22.5933,-12.8973,-62.6569
681,19.4621,79.2357,-51.9722
684,30.7437,63.2065,-45.9067
686,32.7434,79.8198,31.952
691,-11.1472,-16.4061,61.2674
698,31.6796,63.7037,-45.6177
701,24.2721,-31.0702,-39.243
702,34.3492,-9.16772,-29.1077
704,27.6056,1.04285,-41.1912
706,25.7151,-36.1421,-36.2888
707,-1.00334,-82.7969,-21.0083
708,4.79927,-66.6942,-20.5378
709,25.7496,-31.3624,-39.1677
710,22.5282,-20.5771,-42.777
712,24.2721,-31.0702,-39.243
713,24.2721,-31.0702,-39.243
714,25.7151,-36.1421,-36.2888
715,25.2468,-33.266,-38.6065
716,25.57,-35.2107,-36.9996
717,-20.4682,-22.5964,-8.35215
718,25.7151,-36.1421,-36.2888
720,11.9942,-50.0492,-27.9945
721,25.7151,-36.1421,-36.2888
723,24.2721,-31.0702,-39.243
726,26.896,-37.2377,-36.1602
727,18.7287,86.8694,62.514
734,35.8822,77.8128,-67.5988
735,-23.6965,-77.5046,-88.1267
736,35.8357,37.1473,-42.8195
737,22.5933,-12.8973,-62.6569
738,33.1005,64.2614,35.9463
740,20.2928,-61.078,-110.626
750,14.8527,-34.0574,-31.8195
752,25.7151,-36.1421,-36.2888
754,24.2331,-25.8722,-44.6565
762,23.6812,62.1799,-45.8965
763,21.9881,59.9728,-45.9103
765,22.593,62.1536,-46.1124
767,18.3489,52.9115,-45.7871
769,18.0911,13.9721,-78.2305
770,24.5819,-61.978,-82.5227
774,19.9502,47.2726,-45.5676
775,-32.545,-89.5424,24.0307
778,22.471,9.90599,-75.5871
779,7.03855,34.5413,-104.52
780,18.8092,37.9625,-64.2091
781,31.6796,63.7037,-45.6177
784,44.6632,26.1184,-22.4071
786,19.4995,-61.2056,-108.312
787,32.6696,75.2746,31.0325
789,32.6696,75.2746,31.0325
801,31.6796,63.7037,-45.6177
802,-40.9276,-63.253,30.961
804,-47.8945,-59.3061,37.3121
806,19.6725,82.4466,-53.3377
807,31.4136,-76.9192,59.8483
812,-48.3248,-57.6568,36.6835
813,26.6887,-79.0603,55.9906
814,-58.196,-61.3148,53.3908
815,-56.5967,56.3384,9.6851
816,-13.8662,-89.2022,45.7801
817,-67.8147,-86.4085,-23.5365
818,34.741,64.4512,6.43102
819,69.8788,38.6798,24.1304
820,69.7779,49.8535,24.8463
824,11.7327,-66.2599,73.4941
825,43.041,-18.6261,167.242
827,9.61679,87.5766,-56.2891
829,11.1161,89.6532,-55.2577
832,31.6796,63.7037,-45.6177
833,18.7821,81.6248,-52.4289
834,23.6177,75.8592,-50.0483
836,23.5059,75.7278,-49.3946
840,21.6607,78.5258,-46.1117
841,1.39046,-79.0644,61.3509
847,21.3551,86.2463,-54.8556
849,35.8822,77.8128,-67.5988
850,31.8628,63.8659,-45.3513
851,43.1358,70.2764,-43.9194
852,37.2086,68.3942,-43.8741
853,31.6796,63.7037,-45.6177
854,21.0975,76.5696,-52.7477
860,27.9682,69.3436,-48.1757
861,41.8586,43.7326,-55.825
862,-11.7696,-86.0163,47.3554
865,35.1532,72.9336,-63.1868
866,30.7474,65.9105,-49.3951
867,28.0573,81.8661,-49.6289
868,19.6725,82.4466,-53.3377
869,23.6177,75.8592,-50.0483
872,6.94677,-73.7992,66.0173
878,24.4036,74.554,-48.8599
879,31.4136,-76.9192,59.8483
883,23.1278,74.0076,-48.4586
884,22.6868,74.5269,-48.6038
885,22.4281,75.1278,-48.9473
886,24.624,74.9626,-50.2852
887,34.4351,64.5143,-46.935
888,22.2141,76.1594,-49.1816
889,27.9682,69.3436,-48.1757
890,26.4801,70.0093,-47.1358
895,20.8038,23.5464,-105.468
896,28.6985,62.9752,-45.8571
898,30.1137,65.4636,-45.7002
899,31.7233,64.7237,-46.5202
901,67.7,-57.34,72.48
902,-43.8344,-30.6645,148.559
903,-39.2033,-21.1013,143.993
907,33.9368,69.8511,34.3301
908,62.4491,17.2235,-79.5278
909,-27.7411,-21.5317,149.537
910,58.7487,-34.66,44.5971
911,-41.6419,-26.6215,146.907
912,41.5716,13.4388,-151.39
913,-43.2956,-32.9445,138.972
918,40.9217,-24.2862,75.4477
919,20.8127,4.98673,-157.851
922,-20.9833,-86.193,67.4842
926,21.4495,-67.31,192.396
932,-17.1695,-57.1255,124.562
938,35.978,-45.5792,179.784
939,40.9217,-24.2862,75.4477
941,22.9995,-61.4232,168.796
943,28.6841,79.6925,-59.2613
950,26.6887,-79.0603,55.9906
951,72.2161,43.3026,25.6175
952,72.2161,43.3026,25.6175
953,72.2161,43.3026,25.6175
954,72.2161,43.3026,25.6175
955,72.2161,43.3026,25.6175
957,-26.0301,-80.0151,-69.8662
973,-31.0612,-22.0044,78.2564
977,33.9368,69.8511,34.3301
981,67.7,-57.34,72.48
982,60.8733,-59.6438,48.3105
983,-23.9735,-51.7366,-81.2427
987,10.114,-27.7166,-99.5321
990,-47.8321,-85.0493,-66.7666
1001,38.9983,46.07,38.5638
1002,38.9983,46.07,38.5638
1011,20.0534,76.2857,75.1705
1041,59.3529,21.0434,66.7696
1042,57.2116,11.6705,73.7118
1043,54.8775,4.55268,81.1788
1044,61.0666,34.7283,59.1043
1114,61.1618,36.6503,69.2675
1241,59.4078,50.2086,52.987
1361,61.3073,47.7113,54.0254
1614,51.9454,60.8303,70.2801
2000,-16.5388,-85.9809,-67.225
2001,26.4032,54.5866,48.8081
2004,-26.0301,-80.0151,-69.8662
2005,28.7727,70.9387,49.7659
2022,32.9484,59.1015,55.0131
2023,32.7581,59.0573,54.9494
2024,32.6219,59.0532,54.8674
2025,61.2397,47.5851,54.5786
2030,62.9764,-9.40168,26.323
2035,-18.0873,-86.1465,-60.8757
2037,-18.0873,-86.1465,-60.8757
2038,-22.3044,-88.4674,-54.8266
2039,23.1097,88.5558,64.3219
2040,-19.6828,-88.7297,-70.2748
2047,28.7727,70.9387,49.7659
2048,18.6691,74.3853,53.459
2049,64.829,-12.739,50.4486
2053,19.9289,74.7489,52.4822
2881,45.8612,-16.7996,20.3926
2891,57.9092,-8.80483,21.9238
2901,62.0801,1.30191,21.7965
3021,5.97388,63.5124,75.8032
3031,37.3981,51.0984,35.4082
3061,24.9222,-20.4639,-47.1581
3062,25.9407,-21.4613,-44.9765
3063,27.0297,-21.4128,-45.9536
3099,41.2527,46.674,40.4057
3115,38.9108,47.6721,37.4241
3171,42.3587,33.1663,48.724
3181,41.5129,44.6199,40.6932
3201,7.31733,-61.4981,-23.9444
3202,7.88505,-60.1689,-24.3057
3203,11.7595,-51.1137,-27.2165
3222,25.9407,-21.4613,-44.9765
3223,25.9407,-21.4613,-44.9765
3307,25.2468,-33.266,-38.6065
3323,25.2468,-33.266,-38.6065
3446,26.1857,-27.2875,-41.8316
4011,47.6702,75.8442,110.653
4035,38.1195,48.0281,38.48
4058,38.7524,46.5129,38.5497
4059,38.4548,47.2513,38.5132
6022,-53.3681,-84.4438,-50.0397
7001,38.9983,46.07,38.5638
7002,38.9983,46.07,38.5638
7003,-35.2903,-86.7897,-32.1995
7007,18.7428,16.1289,-86.2675
7008,38.6497,46.1541,38.4289
7009,38.9983,46.07,38.5638
7010,38.9983,46.07,38.5638
7011,39.1312,46.2706,38.4606
7012,38.6497,46.1541,38.4289
7013,18.7428,16.1289,-86.2675
7014,43.0495,71.6657,61.3959
7015,45.1045,62.1329,40.8996
7016,21.9011,51.0286,-22.0639
7017,-20.4682,-22.5964,-8.35215
7018,35.6268,-10.2633,11.3482
7019,44.7209,66.002,69.1779
7020,42.4402,57.9037,42.0715
7023,40.2975,57.6563,42.4652
7024,42.2692,52.113,43.5595
7025,39.0656,46.1369,38.6417
7026,38.9983,46.07,38.5638
7027,38.9427,45.9094,38.2901
7028,38.9983,46.07,38.5638
7029,38.9983,46.07,38.5638
7030,38.9983,46.07,38.5638
7031,38.9983,46.07,38.5638
7032,42.2692,52.113,43.5595
7033,38.7154,45.8177,38.0556
7042,38.9983,46.07,38.5638
7063,42.6477,58.5484,41.8244
7064,43.7745,59.2817,41.5463
7065,44.5046,61.1396,41.1049
7079,42.2692,52.113,43.5595
7080,38.7154,45.8177,38.0556
7084,45.2819,68.584,80.9999
7086,-36.4926,-74.351,-21.024
7092,44.9806,67.5542,44.7528
7096,38.3587,44.4745,33.7293
7179,18.7428,16.1289,-86.2675
7180,18.7428,16.1289,-86.2675
7181,18.7428,16.1289,-86.2675
7189,35.3392,47.0434,34.993
7205,18.7428,16.1289,-86.2675
7206,18.7428,16.1289,-86.2675
7207,18.7428,16.1289,-86.2675
7208,18.7428,16.1289,-86.2675
7210,18.1164,24.9926,-107.244
7211,29.8031,32.0263,-30.7056
7212,41.0067,49.3262,37.3568
7213,38.9983,46.07,38.5638
7214,38.9983,46.07,38.5638
7216,38.9983,46.07,38.5638
7217,38.9983,46.07,38.5638
7218,38.9983,46.07,38.5638
7222,18.7428,16.1289,-86.2675
7223,18.1164,24.9926,-107.244
7239,37.0324,42.0672,31.765
7240,22.7028,38.5511,12.03
7241,44.1001,72.3111,59.6662
7242,37.3941,44.1564,34.1189
7244,38.9214,63.4263,43.4327
7245,37.3941,44.1564,34.1189
7246,38.9214,63.4263,43.4327
7247,37.733,63.3706,43.4132
7248,38.9214,63.4263,43.4327
7249,36.4765,64.9554,44.8717
7250,-32.7047,-68.2692,-44.7128
7251,-32.7047,-68.2692,-44.7128
7252,38.9214,63.4263,43.4327
7253,38.9214,63.4263,43.4327
7254,37.733,63.3706,43.4132
7255,36.4765,64.9554,44.8717
7256,37.733,63.3706,43.4132
7257,-32.7047,-68.2692,-44.7128
7258,-32.7047,-68.2692,-44.7128
7265,38.9214,63.4263,43.4327
7266,32.3186,79.9915,38.4065
7269,38.9214,63.4263,43.4327
7270,38.9214,63.4263,43.4327
7272,18.7428,16.1289,-86.2675
7701,25.2468,-33.266,-38.6065
8151,55.4169,81.3602,9.07272
8171,69.3545,84.9962,24.1797
8181,-67.2448,-79.2817,-24.792
8182,-62.4554,-87.6846,-16.7316
8183,34.741,64.4512,6.43102
8184,31.8851,70.8472,6.3483
8185,30.3671,86.2766,5.54433
8186,14.693,64.6307,5.37264
8191,69.888,68.8749,25.4757
8192,67.9071,80.8732,24.5027
8330,23.6299,79.7243,-53.7509
8331,-3.56059,-86.9863,53.9978
8333,29.0267,77.4447,-56.0438
8334,-1.68751,-83.617,56.3114
8335,29.4033,76.5691,-56.3113
8680,20.918,83.443,-54.1216
8690,20.7729,79.3914,-51.4422
8691,18.7821,81.6248,-52.4289
8824,22.4507,-53.4333,90.5709
8858,17.0235,84.4362,-53.004
9000,21.74,-69.5,88.1294
9007,75.0157,52.5117,-14.1437
9021,-48.6845,-58.9585,207.836
9922,0.934475,-65.4342,70.0087
16101,61.2397,47.5851,54.5786
16102,61.2397,47.5851,54.5786
16103,61.2397,47.5851,54.5786
16104,61.2397,47.5851,54.5786
16105,61.2397,47.5851,54.5786
16106,61.2397,47.5851,54.5786
16107,61.2397,47.5851,54.5786
16110,68.4853,34.141,41.26
16111,68.4853,34.141,41.26
16112,68.4853,34.141,41.26
16113,61.2397,47.5851,54.5786
16121,61.2397,47.5851,54.5786
16122,68.4853,34.141,41.26
16123,61.2397,47.5851,54.5786
16124,61.2397,47.5851,54.5786
16130,61.2397,47.5851,54.5786
16140,61.2397,47.5851,54.5786
16141,61.2397,47.5851,54.5786
16150,56.334,24.5959,56.6884
16151,-42.4238,-27.491,163.432
16152,61.2397,47.5851,54.5786
18100,23.6549,67.3011,43.8793
18102,23.6549,67.3011,43.8793
18103,23.6549,67.3011,43.8793
18104,23.6549,67.3011,43.8793
18105,23.6549,67.3011,43.8793
18106,23.6549,67.3011,43.8793
18107,60.9797,41.317,53.9076
18108,23.6549,67.3011,43.8793
18150,23.6549,67.3011,43.8793
18200,49.4079,60.46,54.3405
18202,49.4079,60.46,54.3405
18203,49.4079,60.46,54.3405
28011,45.8612,-16.7996,20.3926
28800,45.8612,-16.7996,20.3926
28900,45.8612,-16.7996,20.3926
29800,75.5757,33.8691,25.0875
41200,38.9983,46.07,38.5638
42100,40.5593,57.2719,51.6786
42101,40.5593,57.2719,51.6786
42102,40.5593,57.2719,51.6786
42103,40.5593,57.2719,51.6786
42150,40.5593,57.2719,51.6786
42200,40.5593,57.2719,51.6786
42201,40.5593,57.2719,51.6786
42300,23.6549,67.3011,43.8793
42400,38.9983,46.07,38.5638
43101,38.9983,46.07,38.5638
43102,38.9983,46.07,38.5638
43200,52.9945,43.0804,47.3407
43201,54.6853,38.7208,48.0919
43202,52.9945,43.0804,47.3407
43203,54.6853,38.7208,48.0919
43204,52.9945,43.0804,47.3407
43205,52.9945,43.0804,47.3407
43206,54.6853,38.7208,48.0919
43207,54.6853,38.7208,48.0919
43300,40.5593,57.2719,51.6786
43301,40.5593,57.2719,51.6786
43400,42.0637,43.0279,36.0609
44100,-37.4331,35.0247,56.6002
44101,52.9945,43.0804,47.3407
44102,52.9945,43.0804,47.3407
44103,52.9945,43.0804,47.3407
50501,38.2005,56.5706,27.6181
50601,-24.5207,38.2194,-7.99765
50602,-24.5207,38.2194,-7.99765
53001,-23.0085,-10.8181,-11.9852
53401,18.3966,14.0341,-77.6792
59004,18.7428,16.1289,-86.2675
60201,32.4125,27.1471,22.5148
60301,-26.6432,-80.3152,-57.4168
60302,-26.6432,-80.3152,-57.4168
60401,32.9142,58.7772,32.0481
60402,32.9142,58.7772,32.0481
60403,33.0546,58.7393,32.0575
60404,33.6561,60.3982,32.764
60405,35.0156,59.615,32.0699
60406,34.0688,51.3573,28.3433
60601,-26.7411,-11.4245,-12.6236
61401,5.75529,-51.8118,59.1888
61403,5.75529,-51.8118,59.1888
61404,32.365,49.1748,29.5151
61405,3.41887,78.9441,-73.2499
61406,33.017,64.2533,35.9587
61407,-27.2544,-74.5005,-79.6223
61411,-23.6965,-77.5046,-88.1267
61412,30.2811,72.1728,45.9348
61413,30.2811,72.1728,45.9348
61501,19.4621,79.2357,-51.9722
61502,32.4318,59.5675,-45.092
61601,-41.717,-45.8605,-9.9661
61602,-26.7411,-11.4245,-12.6236
64701,32.6696,75.2746,31.0325
65702,10.4233,-53.2983,61.1627
67301,32.6696,75.2746,31.0325
67302,32.6696,75.2746,31.0325
67303,38.9203,54.0575,23.7699
67304,39.929,18.5733,20.5499
67305,39.3738,14.7803,20.5353
67306,36.5324,1.79044,20.9487
67307,32.8455,-8.94256,22.0325
67308,27.7654,-19.6749,24.2098
67309,20.5991,-31.6081,29.1084
67310,15.845,-38.6434,34.2438
67311,11.4018,-44.5156,41.2474
67312,9.26184,-47.2452,45.9638
67313,8.23389,-48.5795,48.6806
67314,7.83247,-49.0329,49.8363
67315,6.68938,-50.5665,54.4426
67316,6.02292,-51.4761,57.7586
67317,5.75529,-51.8118,59.1888
67350,15.7739,69.1419,33.4583
67351,16.2627,73.8294,33.9385
67352,15.1053,57.6506,26.4023
68601,32.7434,79.8198,31.952
70822,-1.00334,-82.7969,-21.0083
70833,1.10057,-77.8455,-21.3221
70844,7.25067,83.447,21.2313
83301,14.5268,83.2633,-52.539
83311,24.2767,76.1972,-50.2803
83312,-3.56059,-86.9863,53.9978
83330,29.1608,77.7705,-56.2546
83340,-1.10094,-82.7794,57.0639
83350,27.861,78.1424,-55.9123
86802,22.5462,82.2222,-52.1375
86803,22.1332,82.6843,-52.685
86804,-40.7126,-67.3505,31.0418
86805,-40.5256,-67.2381,31.1757
101001,57.8588,37.347,48.1373
201001,72.4675,45.5155,24.8597
201002,72.0315,45.6604,24.7037
201003,70.1192,47.1465,23.9234
201004,68.7046,47.6803,23.6487
201005,66.9828,49.1339,23.1613
201006,66.8656,48.9572,23.2754
201007,66.0884,48.878,23.3076
201008,65.5683,49.1827,23.2468
201009,64.9573,49.2172,23.3383
201010,64.9629,49.0945,23.4427
201011,64.9298,49.0725,23.6503
201012,66.1661,46.6243,24.6813
201013,67.6789,43.4667,25.5542
201014,65.0713,49.0131,23.3102
201016,72.1437,43.5721,25.4969
201017,71.6119,44.0196,25.2177
201018,70.9884,43.9899,25.1196
201019,71.1121,43.711,25.2533
201020,70.6983,43.4422,25.3016
201021,70.2438,43.651,25.2096
201022,70.0552,43.9007,25.204
201023,70.3885,44.1008,25.2062
201024,70.4672,44.3959,25.1969
201025,69.648,44.7619,25.1204
201026,69.6431,46.2339,24.6779
201027,70.391,44.9887,25.1253
201028,69.4399,47.2657,24.4628
201029,69.6457,46.9393,24.6268
201030,69.598,46.18,24.904
201031,69.3724,46.4241,24.8861
201032,71.2836,45.0897,25.2233
201033,71.1953,45.6244,25.1233
201034,69.6086,44.619,25.3812
201035,69.2421,43.4989,25.649
201036,69.3989,43.5608,25.632
201037,69.8933,42.8048,25.79
201038,71.5967,43.4188,25.4526
201039,72.1843,43.6244,25.4852
201040,71.1793,43.5116,25.3513
201041,72.0847,43.7829,25.4047
201042,71.1097,43.7737,25.2736
201043,72.1528,43.4898,25.5359
201044,71.2693,43.7373,25.3686
201045,72.0766,43.468,25.5422
201046,71.3961,43.9385,25.3303
201047,71.8222,43.7224,25.4626
201048,71.005,44.0808,25.3215
201049,72.1569,43.7107,25.4805
201050,71.5114,45.1569,25.0183
201051,72.3202,43.7213,25.4751
201052,72.1706,43.6614,25.4986
201053,72.4278,43.3708,25.5842
201054,71.2394,46.2962,24.7492
201055,71.6282,45.5069,24.9799
201056,71.9024,44.2483,25.3592
201057,72.2961,43.5113,25.5516
201058,71.638,45.4837,25.0123
201059,70.9795,46.7949,24.6454
201060,71.6262,43.8152,25.5126
201061,71.3582,44.4572,25.35
201062,70.058,45.4763,25.1056
201063,71.1146,45.0965,25.2101
201064,70.6625,43.0106,25.7262
201065,71.0271,43.2218,25.6656
201066,71.2573,44.1495,25.4515
201067,71.7436,44.2385,25.4274
201068,71.3384,43.3073,25.6405
201069,68.7511,44.4044,25.2874
201070,69.2409,45.9578,24.7816
201071,71.2189,44.6735,25.3271
201072,71.1395,44.4448,25.3906
201073,71.0956,43.6174,25.5769
201074,70.8951,43.1519,25.679
201075,71.653,43.9964,25.4799
201076,71.9551,43.7652,25.5265
201078,68.6311,44.3186,24.7574
201079,70.2754,43.8617,25.1623
201080,67.442,44.2007,24.7451
201081,66.8337,45.0311,24.5548
201082,66.8614,45.1874,24.5865
201083,67.3421,45.2811,24.7913
201084,66.3457,46.1822,24.4831
201085,68.908,45.0591,24.9882
201086,70.4212,44.5315,25.1357
201087,68.7445,44.5985,24.9239
201088,68.0964,44.7212,24.8422
201089,70.4836,43.9901,25.0555
201090,69.8399,43.6456,25.0892
201091,68.2246,45.8295,24.7981
201092,68.5105,46.911,24.4553
201093,68.3761,47.1327,24.4261
201094,67.4864,47.5655,24.3229
201095,67.7047,47.7722,24.3045
201096,66.7252,47.1757,24.5388
201097,68.0128,46.9533,24.6673
201098,68.5597,47.3277,24.6319
201099,68.3672,46.8734,24.7987
201100,67.7285,46.4298,24.4377
201101,67.4136,46.819,24.4779
201102,66.9754,48.2464,24.0703
201103,67.0923,48.4598,24.0474
201104,66.9766,48.6988,24.1263
201105,66.8868,48.6186,24.0813
201106,66.6913,46.7171,24.4043
201107,67.0688,48.4623,23.9129
201108,66.5717,48.5651,23.9156
602201,25.3914,-2.15285,-29.4418
602202,-8.08306,-46.0383,-62.502
201701901,72.6622,82.4491,24.9943
201714901,71.8246,50.1233,24.4863
291701902,41.8773,-16.9559,19.4148
701701901,24.0743,-31.2626,-39.5207
701701902,34.7159,-35.6774,-37.5917
714714901,26.6735,-36.943,-34.571
892111001,72.2161,43.3026,25.6175
892111002,-41.4268,-34.5437,-42.293
892111003,-42.4744,-34.5571,-42.0874
892111004,-43.331,-35.2727,-41.841
892111005,-44.2874,-35.3006,-41.4643
892111006,-44.8925,-36.0934,-41.0228
892111007,-45.1844,-36.5223,-40.5777
892111008,-45.2127,-37.4333,-40.1307
892111009,-45.6785,-37.3122,-39.9359
892111010,-47.0281,-38.1849,-40.0224
892111011,-48.5565,-39.5707,-40.0841
892111012,-49.7435,-40.5204,-39.9766
892111013,-50.963,-41.4757,-39.8712
892111014,-52.4102,-42.9494,-39.811
892111015,-53.4785,-43.671,-39.4285
892111016,-54.2469,-43.9239,-38.9142
892111017,-54.973,-44.3293,-38.3277
892111018,-55.9355,-45.0983,-37.8716
892111019,-57.003,-46.0791,-37.4859
892111020,-58.0014,-47.2612,-37.0745
892111021,-58.968,-48.4162,-36.621
892111022,-59.96,-49.6184,-36.1447
892111023,-60.9484,-50.9369,-35.6576
892111024,-61.608,-52.0226,-34.9798
892111025,-61.8029,-53.4539,-34.2587
892111026,-62.0484,-54.2194,-33.4898
892111027,-61.992,-55.3205,-32.7538
892111028,-62.1723,-56.4176,-32.2561
892111029,-63.1343,-58.245,-31.9678
892111030,-64.3262,-60.4294,-31.716
892111031,-67.2042,-65.8735,-32.3933
892111032,-68.6347,-70.2489,-32.3814
892111033,-69.5496,-73.876,-32.0149
892111034,-70.3917,-77.58,-31.5894
892111035,-71.064,-81.4338,-31.173
892111036,-71.6588,-85.673,-30.7608
892111037,-72.1883,-89.8967,-30.2927
892111038,72.6387,85.6092,29.8118
892111039,73.0983,81.225,29.2077
892111040,73.4464,76.4064,28.61
892111041,73.6629,71.1531,28.0401
892111042,73.697,65.4698,27.5318
892111043,73.6128,60.0353,26.9954
892112003,73.6207,60.5225,27.0383
892112004,73.6966,65.2024,27.5
892112005,73.6969,69.9888,27.9331
892112006,73.5475,74.4904,28.3914
892112007,73.2992,78.6683,28.882
892112008,72.9655,82.5657,29.4044
892112009,72.5656,86.343,29.9112
892112010,-72.166,-89.7423,-30.3195
892112011,-71.7301,-86.1816,-30.7129
892112012,-71.242,-82.5508,-31.0607
892112013,-70.6699,-79.0457,-31.417
892112014,-70.0086,-75.8199,-31.764
892112015,-69.2828,-72.7569,-32.1457
892112016,-68.5223,-69.7823,-32.4283
892112017,-67.7375,-67.2469,-32.5201
892112018,-66.9449,-65.2767,-32.3424
892112019,-66.1451,-63.5819,-32.0673
892112020,-65.3023,-62.0787,-31.8005
892112021,-64.4737,-60.6953,-31.6862
892112022,-63.7391,-59.3854,-31.7697
892112023,-63.0778,-58.1363,-31.9863
892112024,-62.4213,-56.9356,-32.1189
892112025,-61.9511,-55.8532,-32.3982
892112026,-62.1527,-54.7575,-33.2875
892112027,-61.8809,-53.914,-33.6617
892112028,-61.7454,-53.2202,-34.3758
892112029,-61.5223,-51.8092,-35.0965
892112030,-60.9038,-50.8525,-35.6994
892112031,-60.0446,-49.7453,-36.1003
892112032,-59.1789,-48.6571,-36.5308
892112033,-58.3038,-47.6152,-36.9627
892112034,-57.391,-46.4859,-37.3271
892112035,-56.4211,-45.5547,-37.6379
892112036,-55.514,-44.8058,-38.0407
892112037,-54.6342,-44.0775,-38.4719
892112038,-54.137,-43.9079,-39.025
892112039,-53.4044,-43.6236,-39.4804
892112040,-52.4763,-43.0016,-39.8147
892112041,-51.3395,-41.9015,-39.8679
892112042,-50.3049,-40.9472,-39.9087
892112043,-49.2855,-40.1231,-40.0202
892112044,-48.3343,-39.3935,-40.1197
892112045,-47.4988,-38.4452,-40.1595
892112046,-46.5784,-38.0033,-39.9114
892112047,-45.7276,-37.4194,-39.8478
892112048,-43.0967,-41.989,-40.3232
892112049,-44.901,-36.1711,-40.9589
892112050,-44.3339,-35.3319,-41.4557
892112051,-43.4831,-35.282,-41.7904
892112052,-42.6875,-34.5693,-42.0272
892112053,-41.7266,-34.526,-42.2475
892112054,-39.6246,-35.433,-42.0374
892121006,-30.3237,-50.6695,-41.9971
892121007,-31.2505,-50.0351,-41.6372
892121008,-32.1876,-49.5049,-41.0361
892121009,-33.1326,-48.9081,-40.3691
892121010,-34.2506,-47.9429,-40.0158
892121011,-35.1903,-47.2738,-40.1579
892121012,-36.2827,-46.6167,-40.475
892121013,-37.4664,-45.9001,-40.7271
892121014,-38.94,-45.1913,-40.6313
892121015,-39.3043,-43.2844,-39.8785
892121016,-39.7446,-42.3354,-39.9437
892121017,-40.5266,-41.4902,-40.1957
892121018,-41.5819,-40.5162,-40.396
892121019,-42.7766,-39.5622,-40.4207
892121020,-43.7763,-38.5943,-40.1199
892122002,-43.7389,-38.0887,-39.6215
892122003,-43.8211,-38.5363,-40.076
892122004,-43.3526,-39.1709,-40.3464
892122005,-42.2614,-39.9419,-40.4154
892122006,-40.8863,-41.1089,-40.2495
892122007,-39.577,-42.5262,-39.8931
892122008,-39.2854,-43.4621,-39.9519
892122009,-39.3832,-44.156,-40.2504
892122010,-39.6304,-44.7383,-40.6255
892122011,-38.6345,-45.4203,-40.7106
892122012,-37.1654,-46.0666,-40.6545
892122013,-35.2964,-47.2062,-40.194
892122014,-34.1172,-48.0519,-40.0197
892122015,-33.5223,-48.657,-40.2322
892122016,-32.9777,-49.0638,-40.5295
892122017,-32.3254,-49.3849,-40.8545
892122018,-31.9848,-49.6877,-41.2562
892122019,-31.3468,-49.9738,-41.5714
892122020,-30.7328,-50.3687,-41.8301
892122022,-30.0776,-51.4732,-42.5126
892131004,75.0111,51.5202,26.2731
892131005,74.1674,40.5478,25.5001
892131006,72.7601,30.4554,24.8017
892131007,70.9156,21.8925,24.1984
892132002,71.2293,23.1528,24.2935
892132003,71.9976,26.4826,24.5222
892132004,72.6922,30.0607,24.7828
892132005,73.3031,33.8015,25.0556
892132006,73.8479,37.8153,25.3049
892132007,74.3125,41.9135,25.6021
892132008,74.6757,46.1888,25.9584
892132009,74.9692,50.5647,26.2165
892132010,75.1703,55.0074,26.4654
892132011,62.0801,1.30191,21.7965
892141003,72.5754,23.2268,24.7821
892141004,70.9397,17.0412,24.2651
892141005,69.2333,12.0455,23.6933
892141006,67.3962,7.70616,23.1575
892141007,65.4133,3.91779,22.6432
892142001,63.6951,1.16751,22.2615
892142002,66.1771,5.27478,22.8511
892142003,68.4377,10.0522,23.4453
892142004,70.4019,15.3592,24.1061
892142005,72.1103,21.2058,24.6464
892142006,51.1722,-11.871,20.9396
897111001,24.2721,-31.0702,-39.243
897111002,23.5002,-30.4399,-38.7021
897111003,23.6746,-30.5469,-38.7944
897111004,23.8925,-31.1062,-39.1057
897111005,24.1466,-31.0133,-39.1649
897111006,23.9022,-31.191,-39.1363
897111007,23.7827,-30.9831,-38.9856
897111008,23.8051,-31.1157,-39.0475
897111009,23.0868,-30.5565,-38.4815
897111010,22.9714,-30.4824,-38.384
897111011,23.0309,-30.7485,-38.4971
897111012,22.6971,-30.785,-38.3286
897111013,22.3182,-30.8028,-38.1216
897111014,22.152,-31.1781,-38.1516
897111015,22.1101,-31.3095,-38.146
897111016,22.4818,-31.2834,-38.3043
897111017,22.5475,-31.2537,-38.2958
897111018,22.3299,-31.1904,-38.1031
897111019,22.2125,-31.1597,-37.9769
897111020,22.1307,-31.2101,-37.9032
897111021,22.0039,-31.2393,-37.7869
897111022,22.0612,-31.287,-37.7938
897111023,22.2797,-31.3248,-37.9093
897111024,22.4832,-31.2847,-37.9872
897111025,22.6485,-31.4193,-38.133
897111026,23.26,-31.1917,-38.467
897111027,23.635,-31.1939,-38.7573
897111028,23.5556,-31.213,-38.6847
897111029,23.6653,-31.19,-38.7529
897111030,23.8206,-31.151,-38.8601
897111031,23.9109,-31.2769,-38.9931
897111032,23.8063,-31.4654,-38.9694
897111033,23.6027,-31.6547,-38.8399
897111034,23.5205,-31.7616,-38.7849
897111035,23.5904,-31.7121,-38.811
897111036,23.5947,-31.7261,-38.7986
897111037,23.5909,-31.7498,-38.7805
897111038,23.6837,-31.6717,-38.8271
897111039,23.7474,-31.6205,-38.8576
897111040,23.709,-31.6795,-38.8157
897111041,23.6237,-31.79,-38.7331
897111042,23.5669,-31.8765,-38.6691
897111043,23.5997,-31.8634,-38.6755
897112003,23.5981,-31.8633,-38.6763
897112004,23.5677,-31.8768,-38.6688
897112005,23.6105,-31.8089,-38.719
897112006,23.6723,-31.7251,-38.7817
897112007,23.7284,-31.6499,-38.8364
897112008,23.7268,-31.6375,-38.847
897112009,23.6816,-31.6714,-38.8283
897112010,23.5902,-31.7495,-38.7808
897112011,23.5963,-31.7268,-38.7979
897112012,23.5939,-31.7133,-38.8092
897112013,23.5448,-31.7451,-38.7928
897112014,23.5424,-31.7167,-38.7963
897112015,23.667,-31.599,-38.8841
897112016,23.8345,-31.4394,-38.9866
897112017,23.9089,-31.3237,-39.0112
897112018,23.9121,-31.2603,-38.9874
897112019,23.9221,-31.191,-38.9662
897112020,23.9051,-31.1453,-38.9305
897112021,23.8504,-31.1425,-38.8822
897112022,23.7692,-31.1622,-38.824
897112023,23.6647,-31.1902,-38.7533
897112024,23.6107,-31.1958,-38.7181
897112025,23.5893,-31.2105,-38.7185
897112026,23.4175,-31.1975,-38.5897
897112027,23.0587,-31.2602,-38.3479
897112028,22.5937,-31.416,-38.0971
897112029,22.4383,-31.2779,-37.9592
897112030,22.2557,-31.3261,-37.8966
897112031,22.0726,-31.2965,-37.8011
897112032,22.0212,-31.2442,-37.7898
897112033,22.0917,-31.2254,-37.8721
897112034,22.2164,-31.1528,-37.9591
897112035,22.2948,-31.1711,-38.0525
897112036,22.3576,-31.2507,-38.1624
897112037,22.5355,-31.2255,-38.2876
897112038,22.4174,-31.2915,-38.2776
897112039,22.0954,-31.3104,-38.1421
897112040,22.1501,-31.1893,-38.1537
897112041,22.3193,-30.9202,-38.1597
897112042,22.5375,-30.7774,-38.2348
897112043,22.8519,-30.7535,-38.4002
897112044,23.0056,-30.7417,-38.4865
897112045,23.0039,-30.5001,-38.4024
897112046,23.0155,-30.5156,-38.4204
897112047,23.1154,-30.5347,-38.4826
897112048,24.0806,-34.5861,-40.8432
897112049,23.8763,-31.1903,-39.1241
897112050,24.1157,-31.0211,-39.1553
897112051,23.9062,-31.1043,-39.1096
897112052,23.7121,-30.5613,-38.8116
897112053,23.5272,-30.4502,-38.7116
897112054,24.2721,-31.0702,-39.243
897121006,24.3871,-35.7803,-35.8586
897121007,24.5911,-35.8033,-35.8998
897121008,24.4902,-35.7468,-35.8371
897121009,24.3298,-35.7017,-35.7532
897121010,23.9349,-35.559,-35.5746
897121011,24.2697,-35.5472,-35.6628
897121012,24.7666,-35.677,-35.8464
897121013,25.1547,-35.8024,-36.0007
897121014,25.1171,-35.7551,-35.9615
897121015,23.9066,-35.1209,-35.3382
897121016,24.3957,-35.2961,-35.5439
897121017,24.9586,-35.5424,-35.8084
897121018,25.2405,-35.6631,-35.9388
897121019,25.4158,-35.7359,-36.0172
897121020,25.4291,-35.7211,-36.004
897122002,25.125,-35.5208,-35.8029
897122003,25.3985,-35.6991,-35.9829
897122004,25.4833,-35.7671,-36.0486
897122005,25.2913,-35.6736,-35.9539
897122006,25.0631,-35.584,-35.8548
897122007,24.2307,-35.2268,-35.4692
897122008,24.0242,-35.1834,-35.399
897122009,24.5943,-35.478,-35.6866
897122010,24.9232,-35.6483,-35.8561
897122011,25.1346,-35.772,-35.9761
897122012,25.063,-35.7694,-35.9625
897122013,24.3701,-35.5642,-35.6975
897122014,24.0538,-35.6,-35.6225
897122015,24.3953,-35.7056,-35.7654
897122016,24.3824,-35.7111,-35.7768
897122017,24.4954,-35.7444,-35.8324
897122018,24.5246,-35.7639,-35.8576
897122019,24.5795,-35.7973,-35.8931
897122020,24.4677,-35.7858,-35.8726
897122022,24.8233,-35.6157,-35.9554
897131004,23.8368,-31.0512,-38.5405
897131005,23.8377,-31.0867,-38.5078
897131006,23.9557,-31.0668,-38.6493
897131007,24.1597,-30.9898,-38.9567
897132002,24.1349,-31.0015,-38.9183
897132003,24.0502,-31.0341,-38.7869
897132004,23.9626,-31.0637,-38.6583
897132005,23.9134,-31.0751,-38.5957
897132006,23.8683,-31.0835,-38.5429
897132007,23.8352,-31.0825,-38.5085
897132008,23.8637,-31.0614,-38.5656
897132009,23.8445,-31.0527,-38.5492
897132010,23.8258,-31.0411,-38.5328
897132011,24.2721,-31.0702,-39.243
897141003,23.9312,-30.8479,-38.4455
897141004,24.0217,-30.876,-38.5944
897141005,24.0998,-30.8875,-38.7272
897141006,24.1354,-30.8886,-38.7744
897141007,24.1435,-30.8931,-38.7623
897142001,24.111,-30.8921,-38.642
897142002,24.1471,-30.8906,-38.7831
897142003,24.1238,-30.8877,-38.7656
897142004,24.0587,-30.8814,-38.661
897142005,23.9558,-30.8552,-38.4823
897142006,24.2721,-31.0702,-39.243
898111001,31.698,63.8162,-45.6665
898111002,31.7331,64.0351,-45.7701
898111003,31.7834,64.3346,-45.9172
898111004,31.8028,64.387,-45.9513
898111005,31.7755,64.1801,-45.8528
898111006,31.8097,64.5211,-46.1279
898111007,31.7865,64.2649,-45.9701
898111008,31.8014,64.244,-45.9537
898111009,31.907,64.7497,-46.3374
898111010,31.8123,64.1623,-45.8878
898111011,31.8534,64.2606,-45.9569
898111012,31.8801,64.3063,-45.994
898111013,31.9024,64.3538,-46.0439
898111014,31.9205,64.3787,-46.0803
898111015,31.7408,63.9861,-45.919
898111016,31.759,64.0967,-46.0772
898111017,31.7491,64.0432,-46.0422
898112004,31.7604,64.193,-45.8445
898112005,31.7927,64.341,-45.9266
898112006,31.7773,64.1922,-45.8586
898112007,31.7937,64.3844,-46.0414
898112008,31.7878,64.2665,-45.9687
898112009,31.7947,64.2295,-45.951
898112010,31.8749,64.5587,-46.1923
898112011,31.8051,64.1336,-45.8653
898112012,31.8589,64.3054,-45.996
898112013,31.8834,64.3159,-46.0013
898112014,31.8988,64.3437,-46.037
898112015,31.9206,64.3788,-46.0802
898112016,31.7422,63.9879,-45.9182
898112017,31.7569,64.0927,-46.0789
898221001,31.6796,63.7037,-45.6177
898221002,31.6921,63.7484,-45.6804
898221003,31.7406,63.9248,-45.9432
898221004,31.7681,64.0005,-46.0722
898221005,31.7248,63.8347,-45.8279
898221006,31.7017,63.7584,-45.7094
898221007,31.6796,63.7037,-45.6177
898222004,31.6921,63.7484,-45.6804
898222005,31.7498,63.9516,-45.9894
898222006,31.7348,63.8721,-45.882
898222007,31.7214,63.8142,-45.801
898222008,31.6841,63.7144,-45.6361
898222009,31.6796,63.7037,-45.6177
898222010,31.6796,63.7037,-45.6177
898222011,31.6796,63.7037,-45.6177
898331001,31.7479,74.6559,-54.8964
898331002,31.7375,73.9154,-54.4451
898331003,31.7158,73.3001,-54.0997
898331004,31.7961,72.9609,-54.098
898331005,31.9712,72.7085,-54.0329
898331006,32.1891,73.1187,-54.5392
898331007,32.335,72.1447,-53.7947
898331008,32.4551,71.7073,-53.6699
898331009,32.4125,71.0484,-53.3233
898331010,32.1967,69.1376,-51.6645
898331011,32.1761,68.6316,-51.4396
898331012,32.0154,67.8117,-50.9007
898331013,31.9238,67.6025,-51.0126
898331014,31.8072,67.2408,-50.9465
898331015,18.7821,81.6248,-52.4289
898331016,18.7821,81.6248,-52.4289
898331017,18.7821,81.6248,-52.4289
898332004,31.7294,73.5562,-54.2211
898332005,31.7763,73.0931,-54.1748
898332006,31.9608,72.7244,-54.0363
898332007,32.2227,72.9063,-54.3893
898332008,32.338,72.1448,-53.7942
898332009,32.4469,71.7171,-53.6792
898332010,32.3786,70.7041,-53.0324
898332011,32.1997,69.1977,-51.6858
898332012,32.1936,68.7819,-51.5495
898332013,32.0052,67.767,-50.8714
898332014,31.9243,67.6008,-51.0032
898332015,31.8097,67.2501,-50.9545
898332016,18.7821,81.6248,-52.4289
898332017,18.7821,81.6248,-52.4289
898441001,26.4801,70.0093,-47.1358
898441002,31.6027,64.7387,-48.0567
898441003,31.5187,64.5173,-47.8022
898441004,31.4577,64.3791,-47.7242
898441005,31.4056,64.2318,-47.6713
898441006,31.4231,64.3015,-48.0401
898441007,26.4801,70.0093,-47.1358
898442004,31.602,64.7302,-48.0375
898442005,31.5103,64.5412,-47.9192
898442006,31.425,64.2922,-47.7036
898442007,31.3931,64.1861,-47.707
898442008,31.4357,64.3564,-48.2426
898442009,26.4801,70.0093,-47.1358
898442010,26.4801,70.0093,-47.1358
898442011,26.4801,70.0093,-47.1358
898661004,31.6796,63.7037,-45.6177
898661005,31.6796,63.7037,-45.6177
898661006,31.8181,63.9714,-45.8306
898661007,31.7887,63.9471,-45.8257
898661008,31.858,64.0911,-45.899
898661009,31.8176,64.1464,-46.0451
898661010,31.796,63.964,-45.7735
898661011,31.8509,64.2127,-46.0057
898661012,31.8798,64.3879,-46.1591
898661013,31.8544,64.3138,-46.0773
898661014,31.7977,64.1459,-45.9465
898661015,31.7899,64.1589,-45.951
898662003,31.6796,63.7037,-45.6177
898662004,31.8041,64.1358,-45.9108
898662005,31.8638,64.3018,-46.0427
898662006,31.8793,64.3864,-46.16
898662007,31.8179,64.172,-46.022
898662008,31.8032,64.0066,-45.8302
898662009,31.8338,64.095,-45.9299
898662010,31.8204,64.0326,-45.8899
898662011,31.8095,63.9661,-45.822
898662012,31.8397,64.0625,-45.9809
898662013,31.6796,63.7037,-45.6177
898991004,20.7729,79.3914,-51.4422
898991005,20.7729,79.3914,-51.4422
898991006,31.1714,65.0493,-49.859
898991007,31.3671,65.5806,-50.2504
898991008,31.3514,65.7615,-50.2798
898991009,31.4355,66.1639,-50.5825
898991010,31.5577,66.3196,-50.3687
898991011,31.663,66.7944,-50.6484
898991012,31.8742,67.5428,-51.1434
898991013,31.9179,67.6019,-50.9011
898991014,32.114,68.2862,-51.2571
898991015,32.214,68.9069,-51.5529
898992003,20.7729,79.3914,-51.4422
898992004,32.1507,68.4369,-51.296
898992005,31.9005,67.4937,-50.8
898992006,31.875,67.545,-51.1541
898992007,31.6193,66.6983,-50.6466
898992008,31.5089,66.2156,-50.3521
898992009,31.461,66.139,-50.5259
898992010,31.3504,65.7145,-50.3023
898992011,31.3177,65.4127,-50.1188
898992012,31.1047,64.9212,-49.8606
898992013,20.7729,79.3914,-51.4422
912411001,31.698,63.8162,-45.6665
912411002,31.7331,64.0351,-45.7701
912411003,31.7834,64.3346,-45.9172
912411004,31.8028,64.387,-45.9513
912411005,31.7755,64.1801,-45.8528
912411006,31.8097,64.5211,-46.1279
912411007,31.7865,64.2649,-45.9701
912411008,31.8014,64.244,-45.9537
912411009,31.907,64.7497,-46.3374
912411010,31.8123,64.1623,-45.8878
912411011,31.8534,64.2606,-45.9569
912412004,31.7604,64.193,-45.8445
912412006,31.7773,64.1922,-45.8586
912412007,31.7937,64.3844,-46.0414
912412008,31.7878,64.2665,-45.9687
912412009,31.7947,64.2295,-45.951
912412010,31.8749,64.5587,-46.1923
912412011,31.8051,64.1336,-45.8653
912412012,31.8589,64.3054,-45.996
912521001,31.6796,63.7037,-45.6177
912521002,31.6921,63.7484,-45.6804
912521003,31.7406,63.9248,-45.9432
912521004,31.7681,64.0005,-46.0722
912521005,31.7248,63.8347,-45.8279
912521006,31.7017,63.7584,-45.7094
912521007,31.6796,63.7037,-45.6177
912522004,31.6921,63.7484,-45.6804
912522005,31.7498,63.9516,-45.9894
912522006,31.7348,63.8721,-45.882
912522007,31.7214,63.8142,-45.801
912522008,31.6841,63.7144,-45.6361
912522009,31.6796,63.7037,-45.6177
912522010,31.6796,63.7037,-45.6177
912522011,31.6796,63.7037,-45.6177
912961008,31.858,64.0911,-45.899
912961009,31.8176,64.1464,-46.0451
912961010,31.796,63.964,-45.7735
912961011,31.8509,64.2127,-46.0057
912961012,31.8798,64.3879,-46.1591
912961013,31.8544,64.3138,-46.0773
912962005,31.8638,64.3018,-46.0427
912962006,31.8793,64.3864,-46.16
912962007,31.8179,64.172,-46.022
912962008,31.8032,64.0066,-45.8302
912962009,31.8338,64.095,-45.9299
912962010,31.8204,64.0326,-45.8899
926711003,23.6746,-30.5469,-38.7944
926711004,23.8925,-31.1062,-39.1057
926711005,24.1466,-31.0133,-39.1649
926711006,23.9022,-31.191,-39.1363
926711007,23.7827,-30.9831,-38.9856
926711008,23.8051,-31.1157,-39.0475
926711009,23.0868,-30.5565,-38.4815
926711010,22.9714,-30.4824,-38.384
926711011,23.0309,-30.7485,-38.4971
926711012,22.6971,-30.785,-38.3286
926711013,22.3182,-30.8028,-38.1216
926711014,22.152,-31.1781,-38.1516
926711015,22.1101,-31.3095,-38.146
926711016,22.4818,-31.2834,-38.3043
926711017,22.5475,-31.2537,-38.2958
926711018,22.3299,-31.1904,-38.1031
926711019,22.2125,-31.1597,-37.9769
926711020,22.1307,-31.2101,-37.9032
926711021,22.0039,-31.2393,-37.7869
926711022,22.0612,-31.287,-37.7938
926711023,22.2797,-31.3248,-37.9093
926711024,22.4832,-31.2847,-37.9872
926711025,22.6485,-31.4193,-38.133
926711026,23.26,-31.1917,-38.467
926711027,23.635,-31.1939,-38.7573
926711028,23.5556,-31.213,-38.6847
926711029,23.6653,-31.19,-38.7529
926711030,23.8206,-31.151,-38.8601
926711031,23.9109,-31.2769,-38.9931
926711032,23.8063,-31.4654,-38.9694
926711033,23.6027,-31.6547,-38.8399
926711034,23.5205,-31.7616,-38.7849
926711035,23.5904,-31.7121,-38.811
926711036,23.5947,-31.7261,-38.7986
926711037,23.5909,-31.7498,-38.7805
926711038,23.6837,-31.6717,-38.8271
926711039,23.7474,-31.6205,-38.8576
926711040,23.709,-31.6795,-38.8157
926711041,23.6237,-31.79,-38.7331
926711042,23.5669,-31.8765,-38.6691
926711043,23.5997,-31.8634,-38.6755
926712003,23.5981,-31.8633,-38.6763
926712004,23.5677,-31.8768,-38.6688
926712005,23.6105,-31.8089,-38.719
926712006,23.6723,-31.7251,-38.7817
926712007,23.7284,-31.6499,-38.8364
926712008,23.7268,-31.6375,-38.847
926712009,23.6816,-31.6714,-38.8283
926712010,23.5902,-31.7495,-38.7808
926712011,23.5963,-31.7268,-38.7979
926712012,23.5939,-31.7133,-38.8092
926712013,23.5448,-31.7451,-38.7928
926712014,23.5424,-31.7167,-38.7963
926712015,23.667,-31.599,-38.8841
926712016,23.8345,-31.4394,-38.9866
926712017,23.9089,-31.3237,-39.0112
926712018,23.9121,-31.2603,-38.9874
926712019,23.9221,-31.191,-38.9662
926712020,23.9051,-31.1453,-38.9305
926712021,23.8504,-31.1425,-38.8822
926712022,23.7692,-31.1622,-38.824
926712023,23.6647,-31.1902,-38.7533
926712024,23.6107,-31.1958,-38.7181
926712025,23.5893,-31.2105,-38.7185
926712026,23.4175,-31.1975,-38.5897
926712027,23.0587,-31.2602,-38.3479
926712028,22.5937,-31.416,-38.0971
926712029,22.4383,-31.2779,-37.9592
926712030,22.2557,-31.3261,-37.8966
926712031,22.0726,-31.2965,-37.8011
926712032,22.0212,-31.2442,-37.7898
926712033,22.0917,-31.2254,-37.8721
926712034,22.2164,-31.1528,-37.9591
926712035,22.2948,-31.1711,-38.0525
926712036,22.3576,-31.2507,-38.1624
926712037,22.5355,-31.2255,-38.2876
926712038,22.4174,-31.2915,-38.2776
926712039,22.0954,-31.3104,-38.1421
926712040,22.1501,-31.1893,-38.1537
926712041,22.3193,-30.9202,-38.1597
926712042,22.5375,-30.7774,-38.2348
926712043,22.8519,-30.7535,-38.4002
926712044,23.0056,-30.7417,-38.4865
926712045,23.0039,-30.5001,-38.4024
926712046,23.0155,-30.5156,-38.4204
926712047,23.1154,-30.5347,-38.4826
926712049,23.8763,-31.1903,-39.1241
926712050,24.1157,-31.0211,-39.1553
926712051,23.9062,-31.1043,-39.1096
926712052,23.7121,-30.5613,-38.8116
926712053,23.5272,-30.4502,-38.7116
926721007,24.5911,-35.8033,-35.8998
926721008,24.4902,-35.7468,-35.8371
926721009,24.3298,-35.7017,-35.7532
926721010,23.9349,-35.559,-35.5746
926721011,24.2697,-35.5472,-35.6628
926721012,24.7666,-35.677,-35.8464
926721013,25.1547,-35.8024,-36.0007
926721014,25.1171,-35.7551,-35.9615
926721015,23.9066,-35.1209,-35.3382
926721016,24.3957,-35.2961,-35.5439
926721017,24.9586,-35.5424,-35.8084
926721018,25.2405,-35.6631,-35.9388
926721019,25.4158,-35.7359,-36.0172
926722005,25.2913,-35.6736,-35.9539
926722006,25.0631,-35.584,-35.8548
926722007,24.2307,-35.2268,-35.4692
926722008,24.0242,-35.1834,-35.399
926722009,24.5943,-35.478,-35.6866
926722010,24.9232,-35.6483,-35.8561
926722011,25.1346,-35.772,-35.9761
926722012,25.063,-35.7694,-35.9625
926722013,24.3701,-35.5642,-35.6975
926722014,24.0538,-35.6,-35.6225
926722015,24.3953,-35.7056,-35.7654
926722016,24.3824,-35.7111,-35.7768
926722017,24.4954,-35.7444,-35.8324
926722018,24.5246,-35.7639,-35.8576
926722019,24.5795,-35.7973,-35.8931
926731004,23.8368,-31.0512,-38.5405
926731005,23.8377,-31.0867,-38.5078
926731006,23.9557,-31.0668,-38.6493
926732005,23.9134,-31.0751,-38.5957
926732006,23.8683,-31.0835,-38.5429
926732007,23.8352,-31.0825,-38.5085
926732008,23.8637,-31.0614,-38.5656
926732009,23.8445,-31.0527,-38.5492
926741004,24.0217,-30.876,-38.5944
926741005,24.0998,-30.8875,-38.7272
926741006,24.1354,-30.8886,-38.7744
926741007,24.1435,-30.8931,-38.7623
926742001,24.111,-30.8921,-38.642
926742002,24.1471,-30.8906,-38.7831
926742003,24.1238,-30.8877,-38.7656
926742004,24.0587,-30.8814,-38.661
926742005,23.9558,-30.8552,-38.4823
997714901,26.6735,-36.943,-34.571
